-- MySQL dump 10.13  Distrib 5.5.53, for debian-linux-gnu (armv7l)
--
-- Host: localhost    Database: sms
-- ------------------------------------------------------
-- Server version	5.5.53-0+deb8u1

/*!40101 SET @OLD_CHARACTER_SET_CLIENT=@@CHARACTER_SET_CLIENT */;
/*!40101 SET @OLD_CHARACTER_SET_RESULTS=@@CHARACTER_SET_RESULTS */;
/*!40101 SET @OLD_COLLATION_CONNECTION=@@COLLATION_CONNECTION */;
/*!40101 SET NAMES utf8 */;
/*!40103 SET @OLD_TIME_ZONE=@@TIME_ZONE */;
/*!40103 SET TIME_ZONE='+00:00' */;
/*!40014 SET @OLD_UNIQUE_CHECKS=@@UNIQUE_CHECKS, UNIQUE_CHECKS=0 */;
/*!40014 SET @OLD_FOREIGN_KEY_CHECKS=@@FOREIGN_KEY_CHECKS, FOREIGN_KEY_CHECKS=0 */;
/*!40101 SET @OLD_SQL_MODE=@@SQL_MODE, SQL_MODE='NO_AUTO_VALUE_ON_ZERO' */;
/*!40111 SET @OLD_SQL_NOTES=@@SQL_NOTES, SQL_NOTES=0 */;

--
-- Table structure for table `daemons`
--

DROP TABLE IF EXISTS `daemons`;
/*!40101 SET @saved_cs_client     = @@character_set_client */;
/*!40101 SET character_set_client = utf8 */;
CREATE TABLE `daemons` (
  `Start` text NOT NULL,
  `Info` text NOT NULL
) ENGINE=MyISAM DEFAULT CHARSET=utf8;
/*!40101 SET character_set_client = @saved_cs_client */;

--
-- Dumping data for table `daemons`
--

LOCK TABLES `daemons` WRITE;
/*!40000 ALTER TABLE `daemons` DISABLE KEYS */;
/*!40000 ALTER TABLE `daemons` ENABLE KEYS */;
UNLOCK TABLES;

--
-- Table structure for table `gammu`
--

DROP TABLE IF EXISTS `gammu`;
/*!40101 SET @saved_cs_client     = @@character_set_client */;
/*!40101 SET character_set_client = utf8 */;
CREATE TABLE `gammu` (
  `Version` int(11) NOT NULL DEFAULT '0'
) ENGINE=MyISAM DEFAULT CHARSET=utf8;
/*!40101 SET character_set_client = @saved_cs_client */;

--
-- Dumping data for table `gammu`
--

LOCK TABLES `gammu` WRITE;
/*!40000 ALTER TABLE `gammu` DISABLE KEYS */;
INSERT INTO `gammu` VALUES (13);
/*!40000 ALTER TABLE `gammu` ENABLE KEYS */;
UNLOCK TABLES;

--
-- Table structure for table `garbage_collection`
--

DROP TABLE IF EXISTS `garbage_collection`;
/*!40101 SET @saved_cs_client     = @@character_set_client */;
/*!40101 SET character_set_client = utf8 */;
CREATE TABLE `garbage_collection` (
  `id` bigint(20) NOT NULL AUTO_INCREMENT,
  `date` datetime DEFAULT NULL,
  `street_group_id` bigint(20) DEFAULT NULL,
  `garbage_type_id` bigint(20) DEFAULT NULL,
  PRIMARY KEY (`id`),
  KEY `FKjijbgtqqy06gephygbp7rgsfi` (`street_group_id`),
  KEY `FK7ksnqvavsch07mrp05xw6jf3x` (`garbage_type_id`),
  CONSTRAINT `FK7ksnqvavsch07mrp05xw6jf3x` FOREIGN KEY (`garbage_type_id`) REFERENCES `garbage_type` (`id`),
  CONSTRAINT `FKjijbgtqqy06gephygbp7rgsfi` FOREIGN KEY (`street_group_id`) REFERENCES `street_groups` (`id`)
) ENGINE=InnoDB AUTO_INCREMENT=301 DEFAULT CHARSET=utf8 COLLATE=utf8_polish_ci;
/*!40101 SET character_set_client = @saved_cs_client */;

--
-- Dumping data for table `garbage_collection`
--

LOCK TABLES `garbage_collection` WRITE;
/*!40000 ALTER TABLE `garbage_collection` DISABLE KEYS */;
INSERT INTO `garbage_collection` VALUES (1,'2017-01-09 00:00:00',5,7),(2,'2017-01-23 00:00:00',5,7),(3,'2017-02-06 00:00:00',5,7),(4,'2017-02-20 00:00:00',5,7),(5,'2017-03-06 00:00:00',5,7),(6,'2017-03-20 00:00:00',5,7),(7,'2017-04-03 00:00:00',5,7),(8,'2017-04-21 00:00:00',5,7),(9,'2017-05-05 00:00:00',5,7),(10,'2017-05-15 00:00:00',5,7),(11,'2017-05-29 00:00:00',5,7),(12,'2017-06-12 00:00:00',5,7),(13,'2017-06-26 00:00:00',5,7),(14,'2017-07-10 00:00:00',5,7),(15,'2017-07-24 00:00:00',5,7),(16,'2017-08-07 00:00:00',5,7),(17,'2017-08-21 00:00:00',5,7),(18,'2017-09-04 00:00:00',5,7),(19,'2017-09-18 00:00:00',5,7),(20,'2017-10-02 00:00:00',5,7),(21,'2017-10-16 00:00:00',5,7),(22,'2017-10-30 00:00:00',5,7),(23,'2017-11-13 00:00:00',5,7),(24,'2017-11-27 00:00:00',5,7),(25,'2017-12-11 00:00:00',5,7),(26,'2017-12-22 00:00:00',5,7),(27,'2017-01-02 00:00:00',5,8),(28,'2017-01-16 00:00:00',5,8),(29,'2017-01-30 00:00:00',5,8),(30,'2017-02-13 00:00:00',5,8),(31,'2017-02-27 00:00:00',5,8),(32,'2017-03-13 00:00:00',5,8),(33,'2017-03-27 00:00:00',5,8),(34,'2017-04-10 00:00:00',5,8),(35,'2017-04-24 00:00:00',5,8),(36,'2017-05-08 00:00:00',5,8),(37,'2017-05-22 00:00:00',5,8),(38,'2017-06-05 00:00:00',5,8),(39,'2017-06-19 00:00:00',5,8),(40,'2017-07-03 00:00:00',5,8),(41,'2017-07-17 00:00:00',5,8),(42,'2017-07-31 00:00:00',5,8),(43,'2017-08-14 00:00:00',5,8),(44,'2017-08-28 00:00:00',5,8),(45,'2017-09-11 00:00:00',5,8),(46,'2017-09-25 00:00:00',5,8),(47,'2017-10-09 00:00:00',5,8),(48,'2017-10-23 00:00:00',5,8),(49,'2017-11-06 00:00:00',5,8),(50,'2017-11-20 00:00:00',5,8),(51,'2017-12-04 00:00:00',5,8),(52,'2017-12-18 00:00:00',5,8),(53,'2017-01-09 00:00:00',5,9),(54,'2017-01-23 00:00:00',5,9),(55,'2017-02-06 00:00:00',5,9),(56,'2017-02-20 00:00:00',5,9),(57,'2017-03-06 00:00:00',5,9),(58,'2017-03-20 00:00:00',5,9),(59,'2017-04-03 00:00:00',5,9),(60,'2017-04-21 00:00:00',5,9),(61,'2017-05-15 00:00:00',5,9),(62,'2017-06-12 00:00:00',5,9),(63,'2017-07-10 00:00:00',5,9),(64,'2017-08-07 00:00:00',5,9),(65,'2017-09-04 00:00:00',5,9),(66,'2017-10-02 00:00:00',5,9),(67,'2017-10-16 00:00:00',5,9),(68,'2017-10-30 00:00:00',5,9),(69,'2017-11-13 00:00:00',5,9),(70,'2017-11-27 00:00:00',5,9),(71,'2017-12-11 00:00:00',5,9),(72,'2017-12-22 00:00:00',5,9),(73,'2017-01-10 00:00:00',6,7),(74,'2017-01-24 00:00:00',6,7),(75,'2017-02-07 00:00:00',6,7),(76,'2017-02-21 00:00:00',6,7),(77,'2017-03-07 00:00:00',6,7),(78,'2017-03-21 00:00:00',6,7),(79,'2017-04-04 00:00:00',6,7),(80,'2017-04-18 00:00:00',6,7),(81,'2017-05-02 00:00:00',6,7),(82,'2017-05-16 00:00:00',6,7),(83,'2017-05-30 00:00:00',6,7),(84,'2017-06-13 00:00:00',6,7),(85,'2017-06-27 00:00:00',6,7),(86,'2017-07-11 00:00:00',6,7),(87,'2017-07-25 00:00:00',6,7),(88,'2017-08-08 00:00:00',6,7),(89,'2017-08-22 00:00:00',6,7),(90,'2017-09-05 00:00:00',6,7),(91,'2017-09-19 00:00:00',6,7),(92,'2017-10-03 00:00:00',6,7),(93,'2017-10-17 00:00:00',6,7),(94,'2017-10-31 00:00:00',6,7),(95,'2017-11-14 00:00:00',6,7),(96,'2017-11-28 00:00:00',6,7),(97,'2017-12-12 00:00:00',6,7),(98,'2017-12-29 00:00:00',6,7),(99,'2017-01-03 00:00:00',6,8),(100,'2017-01-17 00:00:00',6,8),(101,'2017-01-31 00:00:00',6,8),(102,'2017-02-14 00:00:00',6,8),(103,'2017-02-28 00:00:00',6,8),(104,'2017-03-14 00:00:00',6,8),(105,'2017-03-28 00:00:00',6,8),(106,'2017-04-11 00:00:00',6,8),(107,'2017-04-25 00:00:00',6,8),(108,'2017-05-09 00:00:00',6,8),(109,'2017-05-23 00:00:00',6,8),(110,'2017-06-06 00:00:00',6,8),(111,'2017-06-20 00:00:00',6,8),(112,'2017-07-04 00:00:00',6,8),(113,'2017-07-18 00:00:00',6,8),(114,'2017-08-01 00:00:00',6,8),(115,'2017-08-18 00:00:00',6,8),(116,'2017-08-29 00:00:00',6,8),(117,'2017-09-12 00:00:00',6,8),(118,'2017-09-26 00:00:00',6,8),(119,'2017-10-10 00:00:00',6,8),(120,'2017-10-24 00:00:00',6,8),(121,'2017-11-07 00:00:00',6,8),(122,'2017-11-21 00:00:00',6,8),(123,'2017-12-05 00:00:00',6,8),(124,'2017-12-19 00:00:00',6,8),(125,'2017-01-10 00:00:00',6,9),(126,'2017-01-24 00:00:00',6,9),(127,'2017-02-07 00:00:00',6,9),(128,'2017-02-21 00:00:00',6,9),(129,'2017-03-07 00:00:00',6,9),(130,'2017-03-21 00:00:00',6,9),(131,'2017-04-04 00:00:00',6,9),(132,'2017-04-18 00:00:00',6,9),(133,'2017-05-16 00:00:00',6,9),(134,'2017-06-13 00:00:00',6,9),(135,'2017-07-11 00:00:00',6,9),(136,'2017-08-08 00:00:00',6,9),(137,'2017-09-05 00:00:00',6,9),(138,'2017-10-03 00:00:00',6,9),(139,'2017-10-17 00:00:00',6,9),(140,'2017-10-31 00:00:00',6,9),(141,'2017-11-14 00:00:00',6,9),(142,'2017-11-28 00:00:00',6,9),(143,'2017-12-12 00:00:00',6,9),(144,'2017-12-29 00:00:00',6,9),(145,'2017-01-11 00:00:00',7,7),(146,'2017-01-25 00:00:00',7,7),(147,'2017-02-08 00:00:00',7,7),(148,'2017-02-22 00:00:00',7,7),(149,'2017-03-08 00:00:00',7,7),(150,'2017-03-22 00:00:00',7,7),(151,'2017-04-05 00:00:00',7,7),(152,'2017-04-19 00:00:00',7,7),(153,'2017-04-28 00:00:00',7,7),(154,'2017-05-17 00:00:00',7,7),(155,'2017-05-31 00:00:00',7,7),(156,'2017-06-14 00:00:00',7,7),(157,'2017-06-28 00:00:00',7,7),(158,'2017-07-12 00:00:00',7,7),(159,'2017-07-26 00:00:00',7,7),(160,'2017-08-09 00:00:00',7,7),(161,'2017-08-23 00:00:00',7,7),(162,'2017-09-06 00:00:00',7,7),(163,'2017-09-20 00:00:00',7,7),(164,'2017-10-04 00:00:00',7,7),(165,'2017-10-18 00:00:00',7,7),(166,'2017-11-03 00:00:00',7,7),(167,'2017-11-15 00:00:00',7,7),(168,'2017-11-29 00:00:00',7,7),(169,'2017-12-13 00:00:00',7,7),(170,'2017-12-27 00:00:00',7,7),(171,'2017-01-04 00:00:00',7,8),(172,'2017-01-18 00:00:00',7,8),(173,'2017-02-01 00:00:00',7,8),(174,'2017-02-15 00:00:00',7,8),(175,'2017-03-01 00:00:00',7,8),(176,'2017-03-15 00:00:00',7,8),(177,'2017-03-29 00:00:00',7,8),(178,'2017-04-12 00:00:00',7,8),(179,'2017-04-26 00:00:00',7,8),(180,'2017-05-10 00:00:00',7,8),(181,'2017-05-24 00:00:00',7,8),(182,'2017-06-07 00:00:00',7,8),(183,'2017-06-21 00:00:00',7,8),(184,'2017-07-05 00:00:00',7,8),(185,'2017-07-19 00:00:00',7,8),(186,'2017-08-02 00:00:00',7,8),(187,'2017-08-16 00:00:00',7,8),(188,'2017-08-30 00:00:00',7,8),(189,'2017-09-13 00:00:00',7,8),(190,'2017-09-27 00:00:00',7,8),(191,'2017-10-11 00:00:00',7,8),(192,'2017-10-25 00:00:00',7,8),(193,'2017-11-08 00:00:00',7,8),(194,'2017-11-22 00:00:00',7,8),(195,'2017-12-06 00:00:00',7,8),(196,'2017-12-20 00:00:00',7,8),(197,'2017-01-11 00:00:00',7,9),(198,'2017-01-25 00:00:00',7,9),(199,'2017-02-08 00:00:00',7,9),(200,'2017-02-22 00:00:00',7,9),(201,'2017-03-08 00:00:00',7,9),(202,'2017-03-22 00:00:00',7,9),(203,'2017-04-05 00:00:00',7,9),(204,'2017-04-19 00:00:00',7,9),(205,'2017-05-17 00:00:00',7,9),(206,'2017-06-14 00:00:00',7,9),(207,'2017-07-12 00:00:00',7,9),(208,'2017-08-09 00:00:00',7,9),(209,'2017-09-06 00:00:00',7,9),(210,'2017-10-04 00:00:00',7,9),(211,'2017-10-18 00:00:00',7,9),(212,'2017-11-03 00:00:00',7,9),(213,'2017-11-15 00:00:00',7,9),(214,'2017-11-29 00:00:00',7,9),(215,'2017-12-13 00:00:00',7,9),(216,'2017-12-27 00:00:00',7,9),(217,'2017-01-12 00:00:00',8,7),(218,'2017-01-26 00:00:00',8,7),(219,'2017-02-09 00:00:00',8,7),(220,'2017-02-23 00:00:00',8,7),(221,'2017-03-09 00:00:00',8,7),(222,'2017-03-23 00:00:00',8,7),(223,'2017-04-06 00:00:00',8,7),(224,'2017-04-20 00:00:00',8,7),(225,'2017-05-04 00:00:00',8,7),(226,'2017-05-18 00:00:00',8,7),(227,'2017-06-01 00:00:00',8,7),(228,'2017-06-16 00:00:00',8,7),(229,'2017-06-29 00:00:00',8,7),(230,'2017-07-13 00:00:00',8,7),(231,'2017-07-27 00:00:00',8,7),(232,'2017-08-10 00:00:00',8,7),(233,'2017-08-24 00:00:00',8,7),(234,'2017-09-07 00:00:00',8,7),(235,'2017-09-21 00:00:00',8,7),(236,'2017-10-05 00:00:00',8,7),(237,'2017-10-19 00:00:00',8,7),(238,'2017-11-02 00:00:00',8,7),(239,'2017-11-16 00:00:00',8,7),(240,'2017-11-30 00:00:00',8,7),(241,'2017-12-14 00:00:00',8,7),(242,'2017-12-28 00:00:00',8,7),(243,'2017-01-05 00:00:00',8,8),(244,'2017-01-19 00:00:00',8,8),(245,'2017-02-02 00:00:00',8,8),(246,'2017-02-16 00:00:00',8,8),(247,'2017-03-02 00:00:00',8,8),(248,'2017-03-16 00:00:00',8,8),(249,'2017-03-30 00:00:00',8,8),(250,'2017-04-13 00:00:00',8,8),(251,'2017-04-27 00:00:00',8,8),(252,'2017-05-11 00:00:00',8,8),(253,'2017-05-25 00:00:00',8,8),(254,'2017-06-08 00:00:00',8,8),(255,'2017-06-22 00:00:00',8,8),(256,'2017-07-06 00:00:00',8,8),(257,'2017-07-20 00:00:00',8,8),(258,'2017-08-03 00:00:00',8,8),(259,'2017-08-17 00:00:00',8,8),(260,'2017-08-31 00:00:00',8,8),(261,'2017-09-14 00:00:00',8,8),(262,'2017-09-28 00:00:00',8,8),(263,'2017-10-12 00:00:00',8,8),(264,'2017-10-26 00:00:00',8,8),(265,'2017-11-09 00:00:00',8,8),(266,'2017-11-23 00:00:00',8,8),(267,'2017-12-07 00:00:00',8,8),(268,'2017-12-21 00:00:00',8,8),(269,'2017-01-12 00:00:00',8,9),(270,'2017-01-26 00:00:00',8,9),(271,'2017-02-09 00:00:00',8,9),(272,'2017-02-23 00:00:00',8,9),(273,'2017-03-09 00:00:00',8,9),(274,'2017-03-23 00:00:00',8,9),(275,'2017-04-06 00:00:00',8,9),(276,'2017-04-20 00:00:00',8,9),(277,'2017-05-18 00:00:00',8,9),(278,'2017-06-16 00:00:00',8,9),(279,'2017-07-13 00:00:00',8,9),(280,'2017-08-10 00:00:00',8,9),(281,'2017-09-07 00:00:00',8,9),(282,'2017-10-05 00:00:00',8,9),(283,'2017-10-19 00:00:00',8,9),(284,'2017-11-02 00:00:00',8,9),(285,'2017-11-16 00:00:00',8,9),(286,'2017-11-30 00:00:00',8,9),(287,'2017-12-14 00:00:00',8,9),(288,'2017-12-28 00:00:00',8,9),(289,'2017-05-26 00:00:00',5,10),(290,'2017-10-27 00:00:00',5,10),(291,'2017-05-23 00:00:00',6,10),(292,'2017-10-24 00:00:00',6,10),(293,'2017-05-24 00:00:00',7,10),(294,'2017-10-25 00:00:00',7,10),(295,'2017-05-25 00:00:00',8,10),(296,'2017-10-26 00:00:00',8,10),(297,'2017-06-23 00:00:00',5,11),(298,'2017-06-20 00:00:00',6,11),(299,'2017-06-21 00:00:00',7,11),(300,'2017-06-22 00:00:00',8,11);
/*!40000 ALTER TABLE `garbage_collection` ENABLE KEYS */;
UNLOCK TABLES;

--
-- Table structure for table `garbage_type`
--

DROP TABLE IF EXISTS `garbage_type`;
/*!40101 SET @saved_cs_client     = @@character_set_client */;
/*!40101 SET character_set_client = utf8 */;
CREATE TABLE `garbage_type` (
  `id` bigint(20) NOT NULL AUTO_INCREMENT,
  `name` varchar(255) COLLATE utf8_polish_ci DEFAULT NULL,
  PRIMARY KEY (`id`)
) ENGINE=InnoDB AUTO_INCREMENT=12 DEFAULT CHARSET=utf8 COLLATE=utf8_polish_ci;
/*!40101 SET character_set_client = @saved_cs_client */;

--
-- Dumping data for table `garbage_type`
--

LOCK TABLES `garbage_type` WRITE;
/*!40000 ALTER TABLE `garbage_type` DISABLE KEYS */;
INSERT INTO `garbage_type` VALUES (7,'Odpady segregowane'),(8,'Odpady zmieszane'),(9,'Popiół'),(10,'Odpady wielkogabarytowe'),(11,'Sprzęt elektroniczny, opony');
/*!40000 ALTER TABLE `garbage_type` ENABLE KEYS */;
UNLOCK TABLES;

--
-- Table structure for table `inbox`
--

DROP TABLE IF EXISTS `inbox`;
/*!40101 SET @saved_cs_client     = @@character_set_client */;
/*!40101 SET character_set_client = utf8 */;
CREATE TABLE `inbox` (
  `UpdatedInDB` timestamp NOT NULL DEFAULT CURRENT_TIMESTAMP ON UPDATE CURRENT_TIMESTAMP,
  `ReceivingDateTime` timestamp NOT NULL DEFAULT '0000-00-00 00:00:00',
  `Text` text NOT NULL,
  `SenderNumber` varchar(20) NOT NULL DEFAULT '',
  `Coding` enum('Default_No_Compression','Unicode_No_Compression','8bit','Default_Compression','Unicode_Compression') NOT NULL DEFAULT 'Default_No_Compression',
  `UDH` text NOT NULL,
  `SMSCNumber` varchar(20) NOT NULL DEFAULT '',
  `Class` int(11) NOT NULL DEFAULT '-1',
  `TextDecoded` text NOT NULL,
  `ID` int(10) unsigned NOT NULL AUTO_INCREMENT,
  `RecipientID` text NOT NULL,
  `Processed` enum('false','true') NOT NULL DEFAULT 'false',
  PRIMARY KEY (`ID`)
) ENGINE=MyISAM AUTO_INCREMENT=11 DEFAULT CHARSET=utf8;
/*!40101 SET character_set_client = @saved_cs_client */;

--
-- Dumping data for table `inbox`
--

LOCK TABLES `inbox` WRITE;
/*!40000 ALTER TABLE `inbox` DISABLE KEYS */;
INSERT INTO `inbox` VALUES ('2017-01-28 22:57:05','2017-01-28 22:57:00','0047006600750068006800200064006A0065006A006500690077002000640069006400750065006A0065006A00200073006A006400750064','+48782219369','Default_No_Compression','','+48790998600',-1,'Gfuhh djejeiw diduejej sjdud',1,'','false'),('2017-01-28 22:57:05','2017-01-28 22:57:00','0047006600750068006800200064006A0065006A006500690077002000640069006400750065006A0065006A00200073006A006400750064','+48782219369','Default_No_Compression','','+48790998600',-1,'Gfuhh djejeiw diduejej sjdud',2,'','false'),('2017-01-28 23:14:04','2017-01-28 23:13:59','00480066006800680020006700640079006A00680067002000640072006700680068002000670068','+48782219369','Default_No_Compression','','+48790998600',-1,'Hfhh gdyjhg drghh gh',3,'','false'),('2017-01-28 23:14:42','2017-01-28 23:14:37','00530071006C002000730065006E0074','+48782219369','Default_No_Compression','','+48790998600',-1,'Sql sent',4,'','false'),('2017-01-28 23:21:36','2017-01-28 23:21:30','004600670068006A006C','+48782219369','Default_No_Compression','','+48790998600',-1,'Fghjl',5,'','false'),('2017-01-28 23:21:36','2017-01-28 23:21:30','004600670068006A006C','+48782219369','Default_No_Compression','','+48790998600',-1,'Fghjl',6,'','false'),('2017-01-29 17:20:19','2017-01-29 17:20:16','004100620063','+48782219369','Default_No_Compression','','+48790998600',-1,'Abc',7,'','false'),('2017-01-29 17:20:37','2017-01-29 17:20:32','00470068','+48782219369','Default_No_Compression','','+48790998600',-1,'Gh',8,'','false'),('2017-01-29 21:25:11','2017-01-29 21:25:07','004700670067','+48782219369','Default_No_Compression','','+48790998600',-1,'Ggg',9,'','false'),('2017-02-04 17:22:13','2017-02-04 17:22:10','004100730064006600670068006A006B006C','+48782219369','Default_No_Compression','','+48790998600',-1,'Asdfghjkl',10,'','false');
/*!40000 ALTER TABLE `inbox` ENABLE KEYS */;
UNLOCK TABLES;
ALTER DATABASE `sms` CHARACTER SET latin1 COLLATE latin1_swedish_ci ;
/*!50003 SET @saved_cs_client      = @@character_set_client */ ;
/*!50003 SET @saved_cs_results     = @@character_set_results */ ;
/*!50003 SET @saved_col_connection = @@collation_connection */ ;
/*!50003 SET character_set_client  = utf8 */ ;
/*!50003 SET character_set_results = utf8 */ ;
/*!50003 SET collation_connection  = utf8_general_ci */ ;
/*!50003 SET @saved_sql_mode       = @@sql_mode */ ;
/*!50003 SET sql_mode              = '' */ ;
DELIMITER ;;
/*!50003 CREATE*/ /*!50017 DEFINER=`root`@`localhost`*/ /*!50003 TRIGGER inbox_timestamp BEFORE INSERT ON inbox
FOR EACH ROW
BEGIN
    IF NEW.ReceivingDateTime = '0000-00-00 00:00:00' THEN
        SET NEW.ReceivingDateTime = CURRENT_TIMESTAMP();
    END IF;
END */;;
DELIMITER ;
/*!50003 SET sql_mode              = @saved_sql_mode */ ;
/*!50003 SET character_set_client  = @saved_cs_client */ ;
/*!50003 SET character_set_results = @saved_cs_results */ ;
/*!50003 SET collation_connection  = @saved_col_connection */ ;
ALTER DATABASE `sms` CHARACTER SET utf8 COLLATE utf8_polish_ci ;

--
-- Table structure for table `outbox`
--

DROP TABLE IF EXISTS `outbox`;
/*!40101 SET @saved_cs_client     = @@character_set_client */;
/*!40101 SET character_set_client = utf8 */;
CREATE TABLE `outbox` (
  `UpdatedInDB` timestamp NOT NULL DEFAULT CURRENT_TIMESTAMP ON UPDATE CURRENT_TIMESTAMP,
  `InsertIntoDB` timestamp NOT NULL DEFAULT '0000-00-00 00:00:00',
  `SendingDateTime` timestamp NOT NULL DEFAULT '0000-00-00 00:00:00',
  `SendBefore` time NOT NULL DEFAULT '23:59:59',
  `SendAfter` time NOT NULL DEFAULT '00:00:00',
  `Text` text,
  `DestinationNumber` varchar(20) NOT NULL DEFAULT '',
  `Coding` enum('Default_No_Compression','Unicode_No_Compression','8bit','Default_Compression','Unicode_Compression') NOT NULL DEFAULT 'Default_No_Compression',
  `UDH` text,
  `Class` int(11) DEFAULT '-1',
  `TextDecoded` text NOT NULL,
  `ID` int(10) unsigned NOT NULL AUTO_INCREMENT,
  `MultiPart` enum('false','true') DEFAULT 'false',
  `RelativeValidity` int(11) DEFAULT '-1',
  `SenderID` varchar(255) DEFAULT NULL,
  `SendingTimeOut` timestamp NULL DEFAULT '0000-00-00 00:00:00',
  `DeliveryReport` enum('default','yes','no') DEFAULT 'default',
  `CreatorID` text NOT NULL,
  `send_after` datetime DEFAULT NULL,
  PRIMARY KEY (`ID`),
  KEY `outbox_date` (`SendingDateTime`,`SendingTimeOut`),
  KEY `outbox_sender` (`SenderID`)
) ENGINE=MyISAM AUTO_INCREMENT=59 DEFAULT CHARSET=utf8;
/*!40101 SET character_set_client = @saved_cs_client */;

--
-- Dumping data for table `outbox`
--

LOCK TABLES `outbox` WRITE;
/*!40000 ALTER TABLE `outbox` DISABLE KEYS */;
/*!40000 ALTER TABLE `outbox` ENABLE KEYS */;
UNLOCK TABLES;
ALTER DATABASE `sms` CHARACTER SET latin1 COLLATE latin1_swedish_ci ;
/*!50003 SET @saved_cs_client      = @@character_set_client */ ;
/*!50003 SET @saved_cs_results     = @@character_set_results */ ;
/*!50003 SET @saved_col_connection = @@collation_connection */ ;
/*!50003 SET character_set_client  = utf8 */ ;
/*!50003 SET character_set_results = utf8 */ ;
/*!50003 SET collation_connection  = utf8_general_ci */ ;
/*!50003 SET @saved_sql_mode       = @@sql_mode */ ;
/*!50003 SET sql_mode              = '' */ ;
DELIMITER ;;
/*!50003 CREATE*/ /*!50017 DEFINER=`root`@`localhost`*/ /*!50003 TRIGGER outbox_timestamp BEFORE INSERT ON outbox
FOR EACH ROW
BEGIN
    IF NEW.InsertIntoDB = '0000-00-00 00:00:00' THEN
        SET NEW.InsertIntoDB = CURRENT_TIMESTAMP();
    END IF;
    IF NEW.SendingDateTime = '0000-00-00 00:00:00' THEN
        SET NEW.SendingDateTime = CURRENT_TIMESTAMP();
    END IF;
    IF NEW.SendingTimeOut = '0000-00-00 00:00:00' THEN
        SET NEW.SendingTimeOut = CURRENT_TIMESTAMP();
    END IF;
END */;;
DELIMITER ;
/*!50003 SET sql_mode              = @saved_sql_mode */ ;
/*!50003 SET character_set_client  = @saved_cs_client */ ;
/*!50003 SET character_set_results = @saved_cs_results */ ;
/*!50003 SET collation_connection  = @saved_col_connection */ ;
ALTER DATABASE `sms` CHARACTER SET utf8 COLLATE utf8_polish_ci ;

--
-- Table structure for table `outbox_multipart`
--

DROP TABLE IF EXISTS `outbox_multipart`;
/*!40101 SET @saved_cs_client     = @@character_set_client */;
/*!40101 SET character_set_client = utf8 */;
CREATE TABLE `outbox_multipart` (
  `Text` text,
  `Coding` enum('Default_No_Compression','Unicode_No_Compression','8bit','Default_Compression','Unicode_Compression') NOT NULL DEFAULT 'Default_No_Compression',
  `UDH` text,
  `Class` int(11) DEFAULT '-1',
  `TextDecoded` text,
  `ID` int(10) unsigned NOT NULL DEFAULT '0',
  `SequencePosition` int(11) NOT NULL DEFAULT '1',
  PRIMARY KEY (`ID`,`SequencePosition`)
) ENGINE=MyISAM DEFAULT CHARSET=utf8;
/*!40101 SET character_set_client = @saved_cs_client */;

--
-- Dumping data for table `outbox_multipart`
--

LOCK TABLES `outbox_multipart` WRITE;
/*!40000 ALTER TABLE `outbox_multipart` DISABLE KEYS */;
/*!40000 ALTER TABLE `outbox_multipart` ENABLE KEYS */;
UNLOCK TABLES;

--
-- Table structure for table `pbk`
--

DROP TABLE IF EXISTS `pbk`;
/*!40101 SET @saved_cs_client     = @@character_set_client */;
/*!40101 SET character_set_client = utf8 */;
CREATE TABLE `pbk` (
  `ID` int(11) NOT NULL AUTO_INCREMENT,
  `GroupID` int(11) NOT NULL DEFAULT '-1',
  `Name` text NOT NULL,
  `Number` text NOT NULL,
  PRIMARY KEY (`ID`)
) ENGINE=MyISAM DEFAULT CHARSET=utf8;
/*!40101 SET character_set_client = @saved_cs_client */;

--
-- Dumping data for table `pbk`
--

LOCK TABLES `pbk` WRITE;
/*!40000 ALTER TABLE `pbk` DISABLE KEYS */;
/*!40000 ALTER TABLE `pbk` ENABLE KEYS */;
UNLOCK TABLES;

--
-- Table structure for table `pbk_groups`
--

DROP TABLE IF EXISTS `pbk_groups`;
/*!40101 SET @saved_cs_client     = @@character_set_client */;
/*!40101 SET character_set_client = utf8 */;
CREATE TABLE `pbk_groups` (
  `Name` text NOT NULL,
  `ID` int(11) NOT NULL AUTO_INCREMENT,
  PRIMARY KEY (`ID`)
) ENGINE=MyISAM DEFAULT CHARSET=utf8;
/*!40101 SET character_set_client = @saved_cs_client */;

--
-- Dumping data for table `pbk_groups`
--

LOCK TABLES `pbk_groups` WRITE;
/*!40000 ALTER TABLE `pbk_groups` DISABLE KEYS */;
/*!40000 ALTER TABLE `pbk_groups` ENABLE KEYS */;
UNLOCK TABLES;

--
-- Table structure for table `phones`
--

DROP TABLE IF EXISTS `phones`;
/*!40101 SET @saved_cs_client     = @@character_set_client */;
/*!40101 SET character_set_client = utf8 */;
CREATE TABLE `phones` (
  `ID` text NOT NULL,
  `UpdatedInDB` timestamp NOT NULL DEFAULT CURRENT_TIMESTAMP ON UPDATE CURRENT_TIMESTAMP,
  `InsertIntoDB` timestamp NOT NULL DEFAULT '0000-00-00 00:00:00',
  `TimeOut` timestamp NOT NULL DEFAULT '0000-00-00 00:00:00',
  `Send` enum('yes','no') NOT NULL DEFAULT 'no',
  `Receive` enum('yes','no') NOT NULL DEFAULT 'no',
  `IMEI` varchar(35) NOT NULL,
  `Client` text NOT NULL,
  `Battery` int(11) NOT NULL DEFAULT '-1',
  `Signal` int(11) NOT NULL DEFAULT '-1',
  `Sent` int(11) NOT NULL DEFAULT '0',
  `Received` int(11) NOT NULL DEFAULT '0',
  PRIMARY KEY (`IMEI`)
) ENGINE=MyISAM DEFAULT CHARSET=utf8;
/*!40101 SET character_set_client = @saved_cs_client */;

--
-- Dumping data for table `phones`
--

LOCK TABLES `phones` WRITE;
/*!40000 ALTER TABLE `phones` DISABLE KEYS */;
INSERT INTO `phones` VALUES ('','2017-01-29 16:55:30','2017-01-28 23:38:19','2017-01-29 16:55:40','yes','yes','359715021081906','Gammu 1.33.0, Linux, kernel 4.4.38-v7+ (#938 SMP Thu Dec 15 15:22:21 GMT 2016), GCC 4.6',90,21,0,0),('','2017-02-11 13:50:57','2017-02-10 21:18:12','2017-02-11 13:51:07','yes','yes','869878003513651','Gammu 1.33.0, Linux, kernel 4.4.38-v7+ (#938 SMP Thu Dec 15 15:22:21 GMT 2016), GCC 4.6',0,21,4,0);
/*!40000 ALTER TABLE `phones` ENABLE KEYS */;
UNLOCK TABLES;
ALTER DATABASE `sms` CHARACTER SET latin1 COLLATE latin1_swedish_ci ;
/*!50003 SET @saved_cs_client      = @@character_set_client */ ;
/*!50003 SET @saved_cs_results     = @@character_set_results */ ;
/*!50003 SET @saved_col_connection = @@collation_connection */ ;
/*!50003 SET character_set_client  = utf8 */ ;
/*!50003 SET character_set_results = utf8 */ ;
/*!50003 SET collation_connection  = utf8_general_ci */ ;
/*!50003 SET @saved_sql_mode       = @@sql_mode */ ;
/*!50003 SET sql_mode              = '' */ ;
DELIMITER ;;
/*!50003 CREATE*/ /*!50017 DEFINER=`root`@`localhost`*/ /*!50003 TRIGGER phones_timestamp BEFORE INSERT ON phones
FOR EACH ROW
BEGIN
    IF NEW.InsertIntoDB = '0000-00-00 00:00:00' THEN
        SET NEW.InsertIntoDB = CURRENT_TIMESTAMP();
    END IF;
    IF NEW.TimeOut = '0000-00-00 00:00:00' THEN
        SET NEW.TimeOut = CURRENT_TIMESTAMP();
    END IF;
END */;;
DELIMITER ;
/*!50003 SET sql_mode              = @saved_sql_mode */ ;
/*!50003 SET character_set_client  = @saved_cs_client */ ;
/*!50003 SET character_set_results = @saved_cs_results */ ;
/*!50003 SET collation_connection  = @saved_col_connection */ ;
ALTER DATABASE `sms` CHARACTER SET utf8 COLLATE utf8_polish_ci ;

--
-- Table structure for table `sentitems`
--

DROP TABLE IF EXISTS `sentitems`;
/*!40101 SET @saved_cs_client     = @@character_set_client */;
/*!40101 SET character_set_client = utf8 */;
CREATE TABLE `sentitems` (
  `UpdatedInDB` timestamp NOT NULL DEFAULT CURRENT_TIMESTAMP ON UPDATE CURRENT_TIMESTAMP,
  `InsertIntoDB` timestamp NOT NULL DEFAULT '0000-00-00 00:00:00',
  `SendingDateTime` timestamp NOT NULL DEFAULT '0000-00-00 00:00:00',
  `DeliveryDateTime` timestamp NULL DEFAULT NULL,
  `Text` text NOT NULL,
  `DestinationNumber` varchar(20) NOT NULL DEFAULT '',
  `Coding` enum('Default_No_Compression','Unicode_No_Compression','8bit','Default_Compression','Unicode_Compression') NOT NULL DEFAULT 'Default_No_Compression',
  `UDH` text NOT NULL,
  `SMSCNumber` varchar(20) NOT NULL DEFAULT '',
  `Class` int(11) NOT NULL DEFAULT '-1',
  `TextDecoded` text NOT NULL,
  `ID` int(10) unsigned NOT NULL DEFAULT '0',
  `SenderID` varchar(255) NOT NULL,
  `SequencePosition` int(11) NOT NULL DEFAULT '1',
  `Status` enum('SendingOK','SendingOKNoReport','SendingError','DeliveryOK','DeliveryFailed','DeliveryPending','DeliveryUnknown','Error') NOT NULL DEFAULT 'SendingOK',
  `StatusError` int(11) NOT NULL DEFAULT '-1',
  `TPMR` int(11) NOT NULL DEFAULT '-1',
  `RelativeValidity` int(11) NOT NULL DEFAULT '-1',
  `CreatorID` text NOT NULL,
  PRIMARY KEY (`ID`,`SequencePosition`),
  KEY `sentitems_date` (`DeliveryDateTime`),
  KEY `sentitems_tpmr` (`TPMR`),
  KEY `sentitems_dest` (`DestinationNumber`),
  KEY `sentitems_sender` (`SenderID`)
) ENGINE=MyISAM DEFAULT CHARSET=utf8;
/*!40101 SET character_set_client = @saved_cs_client */;

--
-- Dumping data for table `sentitems`
--

LOCK TABLES `sentitems` WRITE;
/*!40000 ALTER TABLE `sentitems` DISABLE KEYS */;
INSERT INTO `sentitems` VALUES ('2017-01-28 22:51:27','2017-01-28 22:50:55','2017-01-28 22:51:27',NULL,'005400680069007300200069007300200061002000530051004C002000740065007300740020006D006500730073006100670065','+48782219369','Default_No_Compression','','+48790998250',-1,'This is a SQL test message',1,'',1,'SendingOKNoReport',-1,8,255,'Program'),('2017-01-28 22:54:32','2017-01-28 22:54:26','2017-01-28 22:54:32',NULL,'005400680069007300200069007300200061002000530051004C002000740065007300740020006D006500730073006100670065','+48782219369','Default_No_Compression','','+48790998250',-1,'This is a SQL test message',2,'',1,'SendingOK',-1,9,255,'Program'),('2017-01-28 23:32:10','2017-01-28 23:31:40','2017-01-28 23:32:10',NULL,'005400680069007300200069007300200061002000530051004C002000740065007300740020006D006500730073006100670065','+48782219369','Default_No_Compression','','+48790998250',-1,'This is a SQL test message',3,'',1,'SendingOK',-1,10,255,'Program'),('2017-01-29 17:19:57','2017-01-29 17:19:35','2017-01-29 17:19:53','2017-01-29 17:19:55','005400680069007300200069007300200061002000530051004C002000740065007300740020006D006500730073006100670065','+48782219369','Default_No_Compression','','+48790998250',-1,'This is a SQL test message',4,'',1,'DeliveryOK',0,11,255,'Program'),('2017-01-29 17:22:00','2017-01-29 17:21:27','2017-01-29 17:21:58','2017-01-29 17:21:58','005400680069007300200069007300200061002000530051004C002000740065007300740020006D006500730073006100670065','+48782219369','Default_No_Compression','','+48790998250',-1,'This is a SQL test message',5,'',1,'DeliveryOK',0,12,255,'Program'),('2017-01-29 17:27:49','2017-01-29 17:27:28','2017-01-29 17:27:45','2017-01-29 17:27:47','0054006500730074006F0077006100200077006900610064006F006D006F007300630021','+48782219369','Default_No_Compression','','+48790998250',-1,'Testowa wiadomosc!',6,'',1,'DeliveryOK',0,13,255,'Program'),('2017-01-29 17:31:19','2017-01-29 17:30:48','2017-01-29 17:31:17','2017-01-29 17:31:18','0054006500730074006F0077006100200077006900610064006F006D006F007300630021','+48782219369','Default_No_Compression','','+48790998250',-1,'Testowa wiadomosc!',7,'',1,'DeliveryOK',0,14,255,'Program'),('2017-02-04 17:15:52','2017-02-04 17:15:32','2017-02-04 17:15:52',NULL,'0053006D0073002000660072006F006D00200073007000720069006E00670021','782219369','Default_No_Compression','','+48790998250',-1,'Sms from spring!',11,'',1,'SendingOKNoReport',-1,22,255,'Program'),('2017-02-04 17:24:58','2017-02-04 17:24:28','2017-02-04 17:24:58',NULL,'0053006D0073002000660072006F006D00200073007000720069006E00670021','782219369','Default_No_Compression','','+48790998250',-1,'Sms from spring!',13,'',1,'SendingOKNoReport',-1,23,255,'Program'),('2017-02-04 17:25:01','2017-02-04 17:24:28','2017-02-04 17:25:01',NULL,'0053006D0073002000660072006F006D00200073007000720069006E00670021','782219369','Default_No_Compression','','+48790998250',-1,'Sms from spring!',12,'',1,'SendingOKNoReport',-1,24,255,'Program'),('2017-02-04 17:25:04','2017-02-04 17:24:29','2017-02-04 17:25:04',NULL,'0053006D0073002000660072006F006D00200073007000720069006E00670021','782219369','Default_No_Compression','','+48790998250',-1,'Sms from spring!',14,'',1,'SendingOKNoReport',-1,25,255,'Program'),('2017-02-04 23:14:14','2017-02-04 23:14:06','2017-02-04 23:14:14',NULL,'0053006D0073002000660072006F006D00200073007000720069006E00670021','782219369','Default_No_Compression','','+48790998250',-1,'Sms from spring!',15,'',1,'SendingOKNoReport',-1,26,255,'Program'),('2017-02-05 10:36:45','2017-02-05 10:36:26','2017-02-05 10:36:45',NULL,'0054007700F3006A00200074006F006B0065006E003A0020003200410031003300320041','782219369','Default_No_Compression','','+48790998250',-1,'Twój token: 2A132A',16,'',1,'SendingOKNoReport',-1,27,255,'Program'),('2017-02-05 10:38:19','2017-02-05 10:38:13','2017-02-05 10:38:19',NULL,'0054007700F3006A00200074006F006B0065006E003A0020004300310043003300420033','782219369','Default_No_Compression','','+48790998250',-1,'Twój token: C1C3B3',17,'',1,'SendingOKNoReport',-1,28,255,'Program'),('2017-02-05 10:40:53','2017-02-05 10:40:45','2017-02-05 10:40:53',NULL,'0054007700F3006A00200074006F006B0065006E003A0020003200420031004200310032','782219369','Default_No_Compression','','+48790998250',-1,'Twój token: 2B1B12',18,'',1,'SendingOKNoReport',-1,29,255,'Program'),('2017-02-05 10:53:27','2017-02-05 10:53:18','2017-02-05 10:53:27',NULL,'0054007700F3006A00200074006F006B0065006E003A0020003300330042004100420031','782219369','Default_No_Compression','','+48790998250',-1,'Twój token: 33BAB1',19,'',1,'SendingOKNoReport',-1,30,255,'Program'),('2017-02-05 11:22:41','2017-02-05 11:22:15','2017-02-05 11:22:41',NULL,'0054007700F3006A00200074006F006B0065006E003A0020003200330033004200420033','782219369','Default_No_Compression','','+48790998250',-1,'Twój token: 233BB3',20,'',1,'SendingOKNoReport',-1,31,255,'Program'),('2017-02-05 11:34:47','2017-02-05 11:34:35','2017-02-05 11:34:47',NULL,'0054007700F3006A00200074006F006B0065006E003A0020004300420032004300310031','782219369','Default_No_Compression','','+48790998250',-1,'Twój token: CB2C11',21,'',1,'SendingOKNoReport',-1,32,255,'Program'),('2017-02-05 12:33:52','2017-02-05 12:33:45','2017-02-05 12:33:52',NULL,'0054007700F3006A00200074006F006B0065006E003A002000410031004300330042003200420043','782219369','Default_No_Compression','','+48790998250',-1,'Twój token: A1C3B2BC',22,'',1,'SendingOKNoReport',-1,33,255,'Program'),('2017-02-05 12:40:26','2017-02-05 12:40:06','2017-02-05 12:40:26',NULL,'0054007700F3006A00200074006F006B0065006E003A002000330033004200320033003200310031','782219369','Default_No_Compression','','+48790998250',-1,'Twój token: 33B23211',23,'',1,'SendingOKNoReport',-1,34,255,'Program'),('2017-02-05 12:41:01','2017-02-05 12:40:54','2017-02-05 12:41:01',NULL,'0054007700F3006A00200074006F006B0065006E003A002000330041003300420032004300430033','782219369','Default_No_Compression','','+48790998250',-1,'Twój token: 3A3B2CC3',24,'',1,'SendingOKNoReport',-1,35,255,'Program'),('2017-02-05 12:42:06','2017-02-05 12:42:02','2017-02-05 12:42:06',NULL,'0054007700F3006A00200074006F006B0065006E003A002000420043003300410032004300420033','782219369','Default_No_Compression','','+48790998250',-1,'Twój token: BC3A2CB3',25,'',1,'SendingOKNoReport',-1,36,255,'Program'),('2017-02-05 12:44:40','2017-02-05 12:44:33','2017-02-05 12:44:40',NULL,'0054007700F3006A00200074006F006B0065006E003A002000310032003200420042004300420033','782219369','Default_No_Compression','','+48790998250',-1,'Twój token: 122BBCB3',26,'',1,'SendingOKNoReport',-1,37,255,'Program'),('2017-02-05 18:29:31','2017-02-05 18:28:59','2017-02-05 18:29:31',NULL,'0054007700F3006A00200074006F006B0065006E003A002000310041004200430043004200420042','782219369','Default_No_Compression','','+48790998250',-1,'Twój token: 1ABCCBBB',27,'',1,'SendingOKNoReport',-1,38,255,'Program'),('2017-02-07 21:31:03','2017-02-07 21:30:50','2017-02-07 21:31:03',NULL,'0054007700F3006A00200074006F006B0065006E003A002000410041003100310042003200320031','782219369','Default_No_Compression','','+48790998250',-1,'Twój token: AA11B221',28,'',1,'SendingOKNoReport',-1,39,255,'Program'),('2017-02-08 18:54:47','2017-02-08 18:54:25','2017-02-08 18:54:47',NULL,'0032003000310037002D00300032002D00300039002000300030003A00300030003A00300030002E00300020004F006400700061006400790020007300650067007200650067006F00770061006E006500200032003000310037002D00300032002D00300039002000300030003A00300030003A00300030002E00300020004F006400700061006400790020007A006D006900650073007A0061006E00650020','782219369','Default_No_Compression','','+48790998250',-1,'2017-02-09 00:00:00.0 Odpady segregowane 2017-02-09 00:00:00.0 Odpady zmieszane ',29,'',1,'SendingOKNoReport',-1,40,255,'Program'),('2017-02-08 18:57:23','2017-02-08 18:57:13','2017-02-08 18:57:23',NULL,'0032003000310037002D00300032002D003000390020004F006400700061006400790020007300650067007200650067006F00770061006E006500200032003000310037002D00300032002D003000390020004F006400700061006400790020007A006D006900650073007A0061006E00650020','782219369','Default_No_Compression','','+48790998250',-1,'2017-02-09 Odpady segregowane 2017-02-09 Odpady zmieszane ',30,'',1,'SendingOKNoReport',-1,41,255,'Program'),('2017-02-08 19:07:59','2017-02-08 19:07:45','2017-02-08 19:07:59',NULL,'0032003000310037002D00300032002D003000390020004F006400700061006400790020007300650067007200650067006F00770061006E006500200032003000310037002D00300032002D003000390020004F006400700061006400790020007A006D006900650073007A0061006E00650020','782219369','Default_No_Compression','','+48790998250',-1,'2017-02-09 Odpady segregowane 2017-02-09 Odpady zmieszane ',31,'',1,'SendingOKNoReport',-1,42,255,'Program'),('2017-02-08 19:29:05','2017-02-08 19:28:33','2017-02-08 19:29:05',NULL,'0032003000310037002D00300032002D003000390020004F006400700061006400790020007300650067007200650067006F00770061006E006500200032003000310037002D00300032002D003000390020004F006400700061006400790020007A006D006900650073007A0061006E00650020','782219369','Default_No_Compression','','+48790998250',-1,'2017-02-09 Odpady segregowane 2017-02-09 Odpady zmieszane ',32,'',1,'SendingOKNoReport',-1,43,255,'Program'),('2017-02-08 19:30:11','2017-02-08 19:30:00','2017-02-08 19:30:11',NULL,'0032003000310037002D00300032002D003000390020004F006400700061006400790020007300650067007200650067006F00770061006E006500200032003000310037002D00300032002D003000390020004F006400700061006400790020007A006D006900650073007A0061006E00650020','782219369','Default_No_Compression','','+48790998250',-1,'2017-02-09 Odpady segregowane 2017-02-09 Odpady zmieszane ',33,'',1,'SendingOKNoReport',-1,44,255,'Program'),('2017-02-08 21:36:47','2017-02-08 21:31:53','2017-02-08 21:36:47',NULL,'0032003000310037002D00300032002D003000390020004F006400700061006400790020007300650067007200650067006F00770061006E006500200032003000310037002D00300032002D003000390020004F006400700061006400790020007A006D006900650073007A0061006E00650020','782219369','Default_No_Compression','','+48790998250',-1,'2017-02-09 Odpady segregowane 2017-02-09 Odpady zmieszane ',34,'',1,'SendingOKNoReport',-1,45,255,'Program'),('2017-02-08 21:41:23','2017-02-08 21:36:38','2017-02-08 21:41:23',NULL,'0032003000310037002D00300032002D003000390020004F006400700061006400790020007300650067007200650067006F00770061006E006500200032003000310037002D00300032002D003000390020004F006400700061006400790020007A006D006900650073007A0061006E00650020','782219369','Default_No_Compression','','+48790998250',-1,'2017-02-09 Odpady segregowane 2017-02-09 Odpady zmieszane ',35,'',1,'SendingOKNoReport',-1,46,255,'Program'),('2017-02-08 21:41:59','2017-02-08 21:38:43','2017-02-08 21:41:59',NULL,'0032003000310037002D00300032002D003000390020004F006400700061006400790020007300650067007200650067006F00770061006E006500200032003000310037002D00300032002D003000390020004F006400700061006400790020007A006D006900650073007A0061006E00650020','782219369','Default_No_Compression','','+48790998250',-1,'2017-02-09 Odpady segregowane 2017-02-09 Odpady zmieszane ',36,'',1,'SendingOKNoReport',-1,47,255,'Program'),('2017-02-11 11:06:13','2017-02-11 11:05:17','2017-02-11 11:06:13',NULL,'0032003000310037002D00300032002D003100320020004F006400700061006400790020007300650067007200650067006F00770061006E006500200032003000310037002D00300032002D003100320020004F006400700061006400790020007A006D006900650073007A0061006E00650020','782219369','Default_No_Compression','','+48790998250',-1,'2017-02-12 Odpady segregowane 2017-02-12 Odpady zmieszane ',46,'',1,'SendingOKNoReport',-1,48,255,'Program'),('2017-02-11 12:20:20','2017-02-11 12:19:32','2017-02-11 12:20:20',NULL,'0032003000310037002D00300032002D00310032002000770079007700F3007A0020006F006400700061006400F30077003A0020004F006400700061006400790020007300650067007200650067006F00770061006E0065002C00200050006F0070006900F30142','782219369','Default_No_Compression','','+48790998250',-1,'2017-02-12 wywóz odpadów: Odpady segregowane, Popiół',54,'',1,'SendingOKNoReport',-1,49,255,'Program'),('2017-02-11 12:20:23','2017-02-11 12:19:32','2017-02-11 12:20:23',NULL,'0032003000310037002D00300032002D00310032002000770079007700F3007A0020006F006400700061006400F30077003A0020004F006400700061006400790020007300650067007200650067006F00770061006E0065002C00200050006F0070006900F30142','782219369','Default_No_Compression','','+48790998250',-1,'2017-02-12 wywóz odpadów: Odpady segregowane, Popiół',53,'',1,'SendingOKNoReport',-1,50,255,'Program'),('2017-02-11 12:21:58','2017-02-11 12:21:24','2017-02-11 12:21:58',NULL,'0032003000310037002D00300032002D00310032003A0020004F006400700061006400790020007300650067007200650067006F00770061006E0065002C00200050006F0070006900F30142','782219369','Default_No_Compression','','+48790998250',-1,'2017-02-12: Odpady segregowane, Popiół',56,'',1,'SendingOKNoReport',-1,51,255,'Program');
/*!40000 ALTER TABLE `sentitems` ENABLE KEYS */;
UNLOCK TABLES;
ALTER DATABASE `sms` CHARACTER SET latin1 COLLATE latin1_swedish_ci ;
/*!50003 SET @saved_cs_client      = @@character_set_client */ ;
/*!50003 SET @saved_cs_results     = @@character_set_results */ ;
/*!50003 SET @saved_col_connection = @@collation_connection */ ;
/*!50003 SET character_set_client  = utf8 */ ;
/*!50003 SET character_set_results = utf8 */ ;
/*!50003 SET collation_connection  = utf8_general_ci */ ;
/*!50003 SET @saved_sql_mode       = @@sql_mode */ ;
/*!50003 SET sql_mode              = '' */ ;
DELIMITER ;;
/*!50003 CREATE*/ /*!50017 DEFINER=`root`@`localhost`*/ /*!50003 TRIGGER sentitems_timestamp BEFORE INSERT ON sentitems
FOR EACH ROW
BEGIN
    IF NEW.InsertIntoDB = '0000-00-00 00:00:00' THEN
        SET NEW.InsertIntoDB = CURRENT_TIMESTAMP();
    END IF;
    IF NEW.SendingDateTime = '0000-00-00 00:00:00' THEN
        SET NEW.SendingDateTime = CURRENT_TIMESTAMP();
    END IF;
END */;;
DELIMITER ;
/*!50003 SET sql_mode              = @saved_sql_mode */ ;
/*!50003 SET character_set_client  = @saved_cs_client */ ;
/*!50003 SET character_set_results = @saved_cs_results */ ;
/*!50003 SET collation_connection  = @saved_col_connection */ ;
ALTER DATABASE `sms` CHARACTER SET utf8 COLLATE utf8_polish_ci ;

--
-- Table structure for table `street_groups`
--

DROP TABLE IF EXISTS `street_groups`;
/*!40101 SET @saved_cs_client     = @@character_set_client */;
/*!40101 SET character_set_client = utf8 */;
CREATE TABLE `street_groups` (
  `id` bigint(20) NOT NULL AUTO_INCREMENT,
  `nazwa` varchar(255) CHARACTER SET utf8 DEFAULT NULL,
  PRIMARY KEY (`id`)
) ENGINE=InnoDB AUTO_INCREMENT=9 DEFAULT CHARSET=utf8 COLLATE=utf8_polish_ci;
/*!40101 SET character_set_client = @saved_cs_client */;

--
-- Dumping data for table `street_groups`
--

LOCK TABLES `street_groups` WRITE;
/*!40000 ALTER TABLE `street_groups` DISABLE KEYS */;
INSERT INTO `street_groups` VALUES (5,'Osiedle Powstańsów Śląskich, Bór I, Bór II'),(6,'Od przejazdu kolejowego do DK1'),(7,'Od DK1 do Rudołtowic'),(8,'Od przejazdu kolejowego do zapory, Aleja I, Aleja II, Grzebłowiec');
/*!40000 ALTER TABLE `street_groups` ENABLE KEYS */;
UNLOCK TABLES;

--
-- Table structure for table `streets`
--

DROP TABLE IF EXISTS `streets`;
/*!40101 SET @saved_cs_client     = @@character_set_client */;
/*!40101 SET character_set_client = utf8 */;
CREATE TABLE `streets` (
  `id` bigint(20) NOT NULL AUTO_INCREMENT,
  `name` varchar(255) CHARACTER SET utf8 DEFAULT NULL,
  `street_group_id` bigint(20) DEFAULT NULL,
  PRIMARY KEY (`id`),
  KEY `FKskqqduqym6d2eqhghgpc05wy1` (`street_group_id`),
  CONSTRAINT `FK3dhais4ma21e9xjhnfhbcf2vv` FOREIGN KEY (`street_group_id`) REFERENCES `street_groups` (`id`),
  CONSTRAINT `FKskqqduqym6d2eqhghgpc05wy1` FOREIGN KEY (`street_group_id`) REFERENCES `street_groups` (`id`)
) ENGINE=InnoDB AUTO_INCREMENT=13 DEFAULT CHARSET=utf8 COLLATE=utf8_polish_ci;
/*!40101 SET character_set_client = @saved_cs_client */;

--
-- Dumping data for table `streets`
--

LOCK TABLES `streets` WRITE;
/*!40000 ALTER TABLE `streets` DISABLE KEYS */;
INSERT INTO `streets` VALUES (1,'Bór I',5),(2,'Bór II',5),(3,'Polna',5),(4,'Powstańców Śląskich',5),(5,'Lipowa',6),(6,'Warzywna',6),(7,'Robotnicza',6),(8,'Brzozowa',7),(9,'Źródlana',7),(10,'Solankowa',7),(11,'Zimowa',8),(12,'Św. Anny',8);
/*!40000 ALTER TABLE `streets` ENABLE KEYS */;
UNLOCK TABLES;

--
-- Table structure for table `user_info`
--

DROP TABLE IF EXISTS `user_info`;
/*!40101 SET @saved_cs_client     = @@character_set_client */;
/*!40101 SET character_set_client = utf8 */;
CREATE TABLE `user_info` (
  `id` bigint(20) NOT NULL AUTO_INCREMENT,
  `active` bit(1) NOT NULL,
  `czas` int(11) DEFAULT NULL,
  `phone_number` varchar(255) COLLATE utf8_polish_ci DEFAULT NULL,
  `token` varchar(255) COLLATE utf8_polish_ci DEFAULT NULL,
  `street_id` bigint(20) DEFAULT NULL,
  PRIMARY KEY (`id`),
  KEY `FKi3bt8nyn8w63njqlksfahpa5t` (`street_id`),
  CONSTRAINT `FKi3bt8nyn8w63njqlksfahpa5t` FOREIGN KEY (`street_id`) REFERENCES `streets` (`id`)
) ENGINE=InnoDB AUTO_INCREMENT=8 DEFAULT CHARSET=utf8 COLLATE=utf8_polish_ci;
/*!40101 SET character_set_client = @saved_cs_client */;

--
-- Dumping data for table `user_info`
--

LOCK TABLES `user_info` WRITE;
/*!40000 ALTER TABLE `user_info` DISABLE KEYS */;
INSERT INTO `user_info` VALUES (6,'',-2,'782219369','AA11B221',11),(7,'',6,'782219369','BB231111',11);
/*!40000 ALTER TABLE `user_info` ENABLE KEYS */;
UNLOCK TABLES;
/*!40103 SET TIME_ZONE=@OLD_TIME_ZONE */;

/*!40101 SET SQL_MODE=@OLD_SQL_MODE */;
/*!40014 SET FOREIGN_KEY_CHECKS=@OLD_FOREIGN_KEY_CHECKS */;
/*!40014 SET UNIQUE_CHECKS=@OLD_UNIQUE_CHECKS */;
/*!40101 SET CHARACTER_SET_CLIENT=@OLD_CHARACTER_SET_CLIENT */;
/*!40101 SET CHARACTER_SET_RESULTS=@OLD_CHARACTER_SET_RESULTS */;
/*!40101 SET COLLATION_CONNECTION=@OLD_COLLATION_CONNECTION */;
/*!40111 SET SQL_NOTES=@OLD_SQL_NOTES */;

-- Dump completed on 2017-02-11 14:51:10
